F1,F2
s109265992.py,s488691501.py
s447252480.py,s677519271.py
s876996154.py,s761347758.py
s151120181.py,s747859892.py
s266391060.py,s691785675.py
s431833561.py,s863487915.py
s897853528.py,s198062921.py
s967739374.py,s989037015.py
s238749622.py,s565037689.py
s337147673.py,s097717258.py
s447252480.py,s416125847.py
s467791069.py,s021152399.py
s431833561.py,s257016339.py
s500195014.py,s315176606.py
s938055972.py,s253810656.py
s082173012.py,s026279439.py
s008529846.py,s156025368.py
s627611141.py,s900917627.py
s375254977.py,s011215917.py
s799385859.py,s496582372.py
s823434885.py,s836819524.py
s403914869.py,s527340259.py
s380302835.py,s747859892.py
s244264674.py,s408220264.py
s625023511.py,s318671448.py
s060682545.py,s082644872.py
s850890470.py,s246814716.py
s981314552.py,s467331419.py
s432562610.py,s287354820.py
s853338365.py,s358448697.py
s151120181.py,s181481750.py
s058005769.py,s835440901.py
s082173012.py,s975858437.py
s953209596.py,s277569411.py
s512922599.py,s898880183.py
s238749622.py,s001611645.py
s926789880.py,s641079594.py
s336881299.py,s989414987.py
s218849023.py,s829781562.py
s330826713.py,s349932600.py
s946007192.py,s043147008.py
s693812615.py,s748803535.py
s834036504.py,s616072604.py
s476704029.py,s816271460.py
s375254977.py,s813718431.py
s066345496.py,s979566013.py
s750759424.py,s001603790.py
s356525600.py,s974446748.py
s747203421.py,s100326018.py
s089340151.py,s429082702.py
s916623534.py,s055404481.py
s305599328.py,s164899766.py
s151120181.py,s077011363.py
s906222963.py,s379455535.py
s563030646.py,s548286912.py
s554648199.py,s641079594.py
s876864865.py,s340624823.py
s102947804.py,s109968795.py
s266391060.py,s833883921.py
s938055972.py,s040232397.py
s639113385.py,s021152399.py
s082173012.py,s496582372.py
s109188638.py,s750947822.py
s352384268.py,s026279439.py
s386423882.py,s011215917.py
s814618087.py,s349932600.py
s216511389.py,s816271460.py
s378253823.py,s201001920.py
s027071219.py,s804715181.py
s755531571.py,s900917627.py
s448509392.py,s131704592.py
s893261437.py,s597314008.py
s876864865.py,s587291382.py
s783433853.py,s974446748.py
s091376937.py,s246814716.py
s745689893.py,s732542541.py
s858852246.py,s780221954.py
s745689893.py,s515720895.py
s467791069.py,s214816276.py
s245338629.py,s002946064.py
s476704029.py,s305649650.py
s530015557.py,s765277338.py
s568390648.py,s467331419.py
s553040883.py,s737543331.py
s596363016.py,s123880047.py
s998756186.py,s311862165.py
s245338629.py,s082644872.py
s826373420.py,s569701431.py
s739645339.py,s112185685.py
s776521920.py,s648460347.py
s776521920.py,s494939633.py
s193817160.py,s112185685.py
s371095799.py,s501899535.py
s570773762.py,s593867604.py
s559791026.py,s990319478.py
s765383292.py,s646981858.py
s150650140.py,s366132666.py
s586677369.py,s162189893.py
s815519398.py,s677519271.py
s898316488.py,s325469580.py
s004461201.py,s898555388.py
s547770823.py,s790176394.py
s634653041.py,s851055377.py
s719016168.py,s698813888.py
s710348053.py,s989037015.py
s370129306.py,s506106815.py
s946007192.py,s812890390.py
s460693283.py,s529931460.py
s496071953.py,s043147008.py
s226519066.py,s123880047.py
s803070965.py,s347723947.py
s586677369.py,s254331958.py
s628609144.py,s491345277.py
s636250163.py,s277569411.py
s553171708.py,s287354820.py
s858852246.py,s833883921.py
s630018275.py,s435877742.py
s336881299.py,s253810656.py
s308162710.py,s911787434.py
s974051783.py,s613129443.py
s414452178.py,s246267824.py
s058005769.py,s458669563.py
s345966217.py,s009470480.py
s072717551.py,s898555388.py
s184001764.py,s457317546.py
s184744642.py,s342687596.py
s356525600.py,s169849033.py
s853338365.py,s482052232.py
s625023511.py,s050837870.py
s349525481.py,s277569411.py
s484856597.py,s347723947.py
s853338365.py,s928544711.py
s747859270.py,s987563043.py
s815519398.py,s001741914.py
s929781914.py,s836858025.py
s922253077.py,s765277338.py
s237609399.py,s847721795.py
s639113385.py,s426990936.py
s345966217.py,s776468696.py
s517647497.py,s246814716.py
s216604807.py,s426990936.py
s842148726.py,s494939633.py
s087081350.py,s468327651.py
s735357883.py,s657972230.py
s975054512.py,s176999370.py
s644099447.py,s011215917.py
s850890470.py,s821185478.py
s218849023.py,s133515745.py
s356525600.py,s431750159.py
s815519398.py,s973005860.py
s916623534.py,s928544711.py
s039144534.py,s921420635.py
s652650215.py,s001611645.py
s563586531.py,s131704592.py
s127520034.py,s553404412.py
s273165122.py,s646981858.py
s283638467.py,s173079219.py
s750759424.py,s824986832.py
s245338629.py,s685788251.py
s464054671.py,s496582372.py
s089340151.py,s438643000.py
s481130190.py,s353540876.py
s501351959.py,s765277338.py
s497084637.py,s431750159.py
s218849023.py,s975858437.py
s308162710.py,s052113091.py
s004461201.py,s253478128.py
s735357883.py,s616072604.py
s388660126.py,s984673604.py
s446401665.py,s318671448.py
s986179389.py,s553404412.py
s747859270.py,s111543886.py
s123100587.py,s548286912.py
s597544873.py,s975858437.py
s127520034.py,s412417225.py
s919427428.py,s091361713.py
s484856597.py,s092587821.py
s963728367.py,s403126268.py
s478395771.py,s246267824.py
s639113385.py,s911321383.py
s501351959.py,s553404412.py
s918648438.py,s009470480.py
s822876513.py,s085793749.py
s776521920.py,s869452038.py
s666641680.py,s494939633.py
s994186407.py,s123880047.py
s666641680.py,s562996464.py
s916623534.py,s287354820.py
s355256405.py,s162624028.py
s998756186.py,s786324387.py
s497311615.py,s829781562.py
s010025434.py,s009470480.py
s135106735.py,s858862768.py
s481130190.py,s439104477.py
s929781914.py,s776468696.py
s375254977.py,s256180297.py
s308162710.py,s122665549.py
s283638467.py,s123880047.py
s921131024.py,s092587821.py
s858852246.py,s354025938.py
s822876513.py,s777130129.py
s617507281.py,s835440901.py
s434017900.py,s982881066.py
s570773762.py,s992043727.py
s739645339.py,s685788251.py
s135106735.py,s992043727.py
s628609144.py,s129861242.py
s853338365.py,s809361445.py
s448509392.py,s052113091.py
s058938041.py,s827930122.py
s308162710.py,s491345277.py
s779532774.py,s439104477.py
s512922599.py,s118794885.py
s049032855.py,s373318252.py
s755531571.py,s162189893.py
s164430648.py,s260833855.py
s516675602.py,s790176394.py
s916623534.py,s629805379.py
s440117190.py,s162189893.py
s035506045.py,s739786550.py
s524871965.py,s586924443.py
s261600089.py,s305649650.py
s149827503.py,s955457357.py
s586677369.py,s495898030.py
s352384268.py,s793953125.py
s231858812.py,s962534778.py
s519634912.py,s739786550.py
s216518023.py,s753214883.py
s476704029.py,s675519869.py
s547770823.py,s903008456.py
s237609399.py,s635446168.py
s268959168.py,s009470480.py
s376619191.py,s815088566.py
s061842788.py,s641079594.py
s060682545.py,s056327297.py
s553040883.py,s379455535.py
s018277623.py,s468327651.py
s371229885.py,s615088453.py
s819139905.py,s373318252.py
s625023511.py,s836819524.py
s516675602.py,s815088566.py
s876864865.py,s056327297.py
s516787082.py,s968055780.py
s967739374.py,s133515745.py
s779532774.py,s352826515.py
s636250163.py,s684325965.py
s815519398.py,s698813888.py
s514712447.py,s813718431.py
s747203421.py,s058771707.py
s336881299.py,s021152399.py
s832866463.py,s123880047.py
s016280875.py,s961034072.py
s957703432.py,s821185478.py
s586677369.py,s129861242.py
s193817160.py,s529877012.py
s819139905.py,s050837870.py
s586677369.py,s543553451.py
s915662177.py,s747859892.py
s871412749.py,s930830991.py
s680889009.py,s163702816.py
s321626027.py,s386569993.py
s335760287.py,s298910362.py
s897853528.py,s984673604.py
s237609399.py,s748803535.py
s765383292.py,s338914299.py
s181344704.py,s092139508.py
s429339240.py,s040232397.py
s308162710.py,s863487915.py
s089340151.py,s164899766.py
s051267644.py,s863487915.py
s630018275.py,s156025368.py
s380978465.py,s714514925.py
s375254977.py,s201001920.py
s266268161.py,s851055377.py
s431833561.py,s685788251.py
s636250163.py,s739786550.py
s739645339.py,s431750159.py
s957703432.py,s379455535.py
s237609399.py,s813718431.py
s797644394.py,s894690754.py
s484856597.py,s648460347.py
s127520034.py,s527340259.py
s639113385.py,s827339834.py
s885180795.py,s646981858.py
s078943003.py,s957086370.py
s448509392.py,s058207294.py
s639113385.py,s315176606.py
s625023511.py,s243463333.py
s871412749.py,s615920175.py
s563030646.py,s503464799.py
s335760287.py,s777130129.py
s695076113.py,s122665549.py
s565355175.py,s685788251.py
s167767346.py,s834882954.py
s797644394.py,s243463333.py
s440117190.py,s903008456.py
s497311615.py,s171483548.py
s051267644.py,s250444754.py
s238749622.py,s629805379.py
s929781914.py,s714514925.py
s398481327.py,s403126268.py
s049032855.py,s602116397.py
s776521920.py,s050837870.py
s386423882.py,s973005860.py
s683253837.py,s796589255.py
s380978465.py,s615088453.py
s216518023.py,s112185685.py
s127830100.py,s256180297.py
s273238451.py,s435877742.py
s922047638.py,s615088453.py
s518917153.py,s921634541.py
s058005769.py,s947924972.py
s565355175.py,s111543886.py
s967739374.py,s090895139.py
s380919888.py,s216738207.py
s636250163.py,s491345277.py
s375254977.py,s863487915.py
s593984256.py,s698813888.py
s037917509.py,s287354820.py
s835528487.py,s217564607.py
s586677369.py,s496582372.py
s321096973.py,s809361445.py
s282957841.py,s298910362.py
s308162710.py,s421872513.py
s814618087.py,s458193533.py
s631176241.py,s793953125.py
s067219083.py,s022989280.py
s127830100.py,s930830991.py
s371095799.py,s256569459.py
s321096973.py,s001603790.py
s478395771.py,s254331958.py
s580635245.py,s989037015.py
s037917509.py,s426990936.py
s765383292.py,s506106815.py
s634653041.py,s827930122.py
s176283663.py,s611267236.py
s371095799.py,s699631242.py
s066345496.py,s092139508.py
s797644394.py,s780221954.py
s998756186.py,s496582372.py
s929781914.py,s431750159.py
s580635245.py,s866608920.py
s125397849.py,s532032213.py
s568390648.py,s318671448.py
s644099447.py,s501899535.py
s109188638.py,s597314008.py
s227640743.py,s602116397.py
s387539776.py,s396230467.py
s963728367.py,s827339834.py
s345966217.py,s090895139.py
s244264674.py,s231703553.py
s477599393.py,s882675079.py
s349525481.py,s987563043.py
s238749622.py,s691785675.py
s998756186.py,s277569411.py
s167767346.py,s216738207.py
s035506045.py,s256180297.py
s563030646.py,s821185478.py
s497311615.py,s593867604.py
s032517404.py,s123880047.py
s568390648.py,s529931460.py
s675521193.py,s602116397.py
s519634912.py,s176999370.py
s834036504.py,s730287333.py
s431375164.py,s417092533.py
s513910199.py,s532032213.py
s513250129.py,s605283529.py
s514712447.py,s737543331.py
s434017900.py,s388308290.py
s946007192.py,s254331958.py
s819139905.py,s129861242.py
s768815797.py,s268527846.py
s559791026.py,s998751919.py
s922047638.py,s133515745.py
s695076113.py,s260833855.py
s842148726.py,s714514925.py
s957703432.py,s940575905.py
s922840857.py,s974446748.py
s135106735.py,s900917627.py
s517647497.py,s058207294.py
s429339240.py,s543553451.py
s751354186.py,s097717258.py
s530015557.py,s352826515.py
s109265992.py,s494939633.py
s631176241.py,s730287333.py
s975054512.py,s067221404.py
s373114749.py,s379455535.py
s559791026.py,s009470480.py
s387869345.py,s974446748.py
s750759424.py,s231703553.py
s586677369.py,s529931460.py
s002039925.py,s111543886.py
s515419087.py,s256569459.py
s051004539.py,s535362378.py
s027071219.py,s646981858.py
s575413271.py,s800527807.py
s150650140.py,s431750159.py
s006243374.py,s900917627.py
s376619191.py,s707968375.py
s897853528.py,s311862165.py
s216604807.py,s058207294.py
s916623534.py,s569701431.py
s387869345.py,s091361713.py
s446401665.py,s962534778.py
s060682545.py,s717374360.py
s091376937.py,s747064922.py
s798970758.py,s224429001.py
s164430648.py,s253478128.py
s513910199.py,s129861242.py
s434017900.py,s091036030.py
s787453879.py,s602116397.py
s193817160.py,s058771707.py
s919427428.py,s869452038.py
s151120181.py,s464517964.py
s218849023.py,s833883921.py
s089340151.py,s311862165.py
s016280875.py,s815088566.py
s625470782.py,s058771707.py
s237729499.py,s657972230.py
s693812615.py,s439104477.py
s139961869.py,s834882954.py
s501351959.py,s467331419.py
s784185477.py,s616918682.py
s273238451.py,s231703553.py
s906222963.py,s097717258.py
s853338365.py,s800527807.py
s109265992.py,s684325965.py
s936890257.py,s979566013.py
s924978726.py,s256180297.py
s998756186.py,s989414987.py
s167767346.py,s930830991.py
s305599328.py,s043015624.py
s799385859.py,s987563043.py
s876864865.py,s829781562.py
s164430648.py,s998751919.py
s563586531.py,s987563043.py
s784185477.py,s569701431.py
s060682545.py,s067221404.py
s876864865.py,s318671448.py
s630018275.py,s002946064.py
s268959168.py,s879156401.py
s524871965.py,s753214883.py
s089340151.py,s898880183.py
s123100587.py,s786324387.py
s986179389.py,s058306332.py
s058005769.py,s550272761.py
s227640743.py,s866608920.py
s906222963.py,s550272761.py
s510953426.py,s836819524.py
s008529846.py,s616072604.py
s371229885.py,s780221954.py
s004461201.py,s253810656.py
s010025434.py,s961034072.py
s221063605.py,s699631242.py
s776521920.py,s997254201.py
s906222963.py,s494939633.py
s477599393.py,s050837870.py
s125397849.py,s992043727.py
s184744642.py,s962534778.py
s815519398.py,s841831490.py
s268234328.py,s691785675.py
s739645339.py,s926179545.py
s061842788.py,s311005625.py
s204963940.py,s777130129.py
s373114749.py,s707968375.py
s530015557.py,s527340259.py
s321096973.py,s615088453.py
s834036504.py,s058207294.py
s737281467.py,s260833855.py
s695076113.py,s109968795.py
s795590817.py,s164899766.py
s448509392.py,s793953125.py
s695076113.py,s131704592.py
s413993029.py,s306011015.py
s922840857.py,s058306332.py
s823434885.py,s565037689.py
s710348053.py,s469159937.py
s039144534.py,s052113091.py
s167767346.py,s750947822.py
s321096973.py,s256569459.py
s237609399.py,s698813888.py
s167767346.py,s535569308.py
s515419087.py,s611267236.py
s675521193.py,s163702816.py
s226519066.py,s593867604.py
s373114749.py,s982881066.py
s876996154.py,s717374360.py
s804044772.py,s315176606.py
s503016045.py,s804715181.py
s356525600.py,s373318252.py
s630018275.py,s254331958.py
s570773762.py,s748803535.py
s226519066.py,s815088566.py
s181344704.py,s984673604.py
s184744642.py,s920662433.py
s512922599.py,s556929554.py
s554905594.py,s494939633.py
s051004539.py,s133515745.py
s719016168.py,s611267236.py
s049032855.py,s586924443.py
